Session,Date,Time,Location,Session track,Presentation title,Presentation authors
1A,18-Jul,11:00 AM - 12:30 PM,Irvine Auditorium Main Hall,02. Algorithmics & Public Opinion,Youtube’s recommendation algorithm is left-leaning in the United States,"Hazem Ibrahim, New York University; Nouar AlDahoul, New York University, Abu Dhabi; Talal Rahwan, New York University; Yasir Zaki, New York University Abu Dhabi"
1A,18-Jul,11:00 AM - 12:30 PM,Irvine Auditorium Main Hall,02. Algorithmics & Public Opinion,"Lower Quantity, Higher Quality: Perceptions and Impact of Algorithmic News Curation on Twitter/X","Alvin Zhou, University of Minnesota - Twin Cities; Danaë Metaxa, Stanford University; Shengchun Huang, University of Pennsylvania, University of Pennsylvania; Stephanie Wang, University of Pennsylvania, University of Pennsylvania"
1A,18-Jul,11:00 AM - 12:30 PM,Irvine Auditorium Main Hall,02. Algorithmics & Public Opinion,Filter Bubble or Homogenization? Disentangling the Long-Term Effects of Recommendations on User Consumption Patterns,"Grant Schoenebeck, University of Michigan; Md Sanzeed Anwar, University of Michigan - Ann Arbor; Paramveer Dhillon, University of Michigan"
1A,18-Jul,11:00 AM - 12:30 PM,Irvine Auditorium Main Hall,02. Algorithmics & Public Opinion,Confrontational Consumption: How Hostility Promotes Consumption of Counter-Attitudinal News,"Seonhye Noh, University of California, Los Angeles; Stuart Soroka, University of Michigan Ann Arbor"
1A,18-Jul,11:00 AM - 12:30 PM,Irvine Auditorium Main Hall,02. Algorithmics & Public Opinion,Dynamics of Digital Discourse: A Field Experiment on Reddit,"Lisa Oswald, Max-Planck Institute; Philipp Lorenz-Spreen, Max-Planck Institute"
1A,18-Jul,11:00 AM - 12:30 PM,Irvine Auditorium Main Hall,02. Algorithmics & Public Opinion,"Vox Populi, Vox AI? Using Language Models to Estimate German Public Opinion","Alexander Wenz, University of Mannheim; Anna-Carolina Haensch, University of Maryland, College Park; Leah von der Heyde, Ludwig Maximilian University of Munich"
1B,18-Jul,11:00 AM - 12:30 PM,Houston: Ben Franklin Room,10. Politics and Media,Narratives of Foreign Media Ecosystems in Chinese Social Media Discussions of the Russo-Ukrainian War,"Hans William Alexander Hanley, Stanford University; Jennifer Pan, Stanford University; Yingdan Lu, Northwestern University"
1B,18-Jul,11:00 AM - 12:30 PM,Houston: Ben Franklin Room,10. Politics and Media,The Political Impact of Refugee Inflow in New Destination Countries: Evidence from South Korea,"Chloe Ahn, University of Pennsylvania, University of Pennsylvania; Junghyun Lim, University of North Carolina at Chapel Hill"
1B,18-Jul,11:00 AM - 12:30 PM,Houston: Ben Franklin Room,10. Politics and Media,Quantifying the Political Composition of YouTube Shorts,"Ashton Anderson, Department of Computer Science, University of Toronto; George Eilender, University of Toronto"
1B,18-Jul,11:00 AM - 12:30 PM,Houston: Ben Franklin Room,10. Politics and Media,A Psychological Model of Narrative Diffusion,"Joshua Introne, Syracuse University; Una Joh, Syracuse University"
1B,18-Jul,11:00 AM - 12:30 PM,Houston: Ben Franklin Room,10. Politics and Media,Who gets to frame? Peer and group-level dynamics of political framing on social media,"Ceren Budak, University of Michigan - Ann Arbor; Julia Mendelsohn, University of Michigan - Ann Arbor; Patrick Gordon Wall, University of Michigan - Ann Arbor"
1C,18-Jul,11:00 AM - 12:30 PM,Irvine: Cafe 58,08. Networks and Social Systems,Detecting Emergent Discourse Dynamics in Online Social Media,"Asael H Sorensen, Sandia National Laboratories; Asmeret Naugle, Sandia National Laboratories; Casey Doyle, Sandia National Laboratories; Dan J. Krofcheck, Sandia National Laboratories; Matt Sweitzer, Sandia National Laboratories"
1C,18-Jul,11:00 AM - 12:30 PM,Irvine: Cafe 58,08. Networks and Social Systems,Shock! Quantifying the Impact of Core Developers’ Dropout on the Productivity of OSS Projects,"Christian Zingg, ETHZ - ETH Zurich; Christoph Benedikt Gote, Swiss Federal Institute of Technology; Frank Schweitzer, Swiss Federal Institute of Technology; Giona Casiraghi, ETHZ - ETH Zurich; Giuseppe Russo, Swiss Federal Institute of Technology; Luca Verginer, ETHZ - ETH Zurich"
1C,18-Jul,11:00 AM - 12:30 PM,Irvine: Cafe 58,08. Networks and Social Systems,Co-Present Triads,"Arnab Kumar Sarker, Massachusetts Institute of Technology; Patrick Park, Carnegie Mellon University"
1C,18-Jul,11:00 AM - 12:30 PM,Irvine: Cafe 58,08. Networks and Social Systems,Early call volume predicts the eventual lifetime of transient relationships,"Bruno Lepri, Fondazione Bruno Kessler; Eduardo López, George Mason University; Robin Dunbar; Sam G B Roberts, Liverpool John Moores University; Simone Centellegher, Fondazione Bruno Kessler; Valentin Vergara Hidd, George Mason University"
1C,18-Jul,11:00 AM - 12:30 PM,Irvine: Cafe 58,08. Networks and Social Systems,Beyond Self-Interest: Cultural Leaders' Transformative Influence,"Balaraju BATTU, New York University, Abu Dhabi; Talal Rahwan, New York University"
1C,18-Jul,11:00 AM - 12:30 PM,Irvine: Cafe 58,08. Networks and Social Systems,Online spaces Diversity utopia or segregation dystopia,"Alex Pentland, Massachusetts Institute of Technology; Bernardo Garcia Bulle Bueno, Massachusetts Institute of Technology; Esteban Moro, Northeastern University; Michael Bailey, Facebook; Takahiro Yabe, New York University"
1D,18-Jul,11:00 AM - 12:30 PM,Irvine: Amado Recital Hall,03. AI and HCI,LLM Agents Can Improve Engagement with Behavior Change Interventions: A Case Study on Mindfulness,"Anastasia Kuzminykh, Toronto University; Angela Zavaleta Bernuy, Department of Computer Science, University of Toronto; Ashton Anderson, Department of Computer Science, University of Toronto; Harsh Kumar, Department of Computer Science, University of Toronto; Huayin Luo, University of Toronto; Jiakai Shi, University of Toronto; Rachel Kornfield, Northwestern University; Suhyeon Yoo, University of Toronto"
1D,18-Jul,11:00 AM - 12:30 PM,Irvine: Amado Recital Hall,03. AI and HCI,Effects of messages on rebuilding cooperation between humans and AI in a social dilemma situation,"Akira Goto, Meiji University; Genki Ichinose, Shizuoka University; Hiroki Sayama, State University of New York at Binghamton; Tran Quang Duc, Shizuoka University; Wakaba Tateishi, Tamagawa University"
1D,18-Jul,11:00 AM - 12:30 PM,Irvine: Amado Recital Hall,03. AI and HCI,The Effect of Social Information on Trust and Efficacy in AI-assisted Prediction,"Abdullah Almaatouq, Massachusetts Institute of Technology; Ming Yin, Purdue University; Mohammed Alsobay, Massachusetts Institute of Technology"
1D,18-Jul,11:00 AM - 12:30 PM,Irvine: Amado Recital Hall,03. AI and HCI,The Persuasive Power of Large Language Models,"Anders Giovanni Møller, IT University of Copenhagen; Luca Maria Aiello, IT University of Copenhagen"
1D,18-Jul,11:00 AM - 12:30 PM,Irvine: Amado Recital Hall,03. AI and HCI,Sparks of Superhuman Persuasion: Large Language Models Beat Humans in Online Debates,"Francesco Salvi, EPFL - EPF Lausanne; Manoel Horta Ribeiro, EPFL - EPF Lausanne; Riccardo Gallotti, Fondazione Bruno Kessler; Robert West, EPFL - EPF Lausanne"
1D,18-Jul,11:00 AM - 12:30 PM,Irvine: Amado Recital Hall,03. AI and HCI,Smooth Operators: Measuring the Effect of LLM “Personality” on Negotiation Outcomes,"Abdullah Almaatouq, Massachusetts Institute of Technology; David Fang, Stanford University; Jared R. Curhan, Massachusetts Institute of Technology; Mohammed Alsobay, Massachusetts Institute of Technology"
1E,18-Jul,11:00 AM - 12:30 PM,Houston: Golkin,07. Misinformation and Fact-Checking,Fact-Checking and Partisan Cheerleading: Dissemination Patterns of Political Fact-Checks on Twitter,"Je Hoon Chae, University of California, Los Angeles; Kai-Cheng Yang, Northeastern University"
1E,18-Jul,11:00 AM - 12:30 PM,Houston: Golkin,07. Misinformation and Fact-Checking,Virality of Information Diffusion on WhatsApp,"Kiran Garimella, Aalto University; M. Amin Rahimian, University of Pittsburgh; Yuxin Liu, University of Pittsburgh"
1E,18-Jul,11:00 AM - 12:30 PM,Houston: Golkin,07. Misinformation and Fact-Checking,Emotional language reduces belief in false claims,"David Rand; Gordon Pennycook, Cornell University; Kathleen M. Carley, Carnegie Mellon University; Samantha C Phillips, Carnegie Mellon University; Sze Yuh Nina Wang, Cornell University"
1E,18-Jul,11:00 AM - 12:30 PM,Houston: Golkin,07. Misinformation and Fact-Checking,"Politics Ex Machina: identifying, measuring, and constraining political information learned by algorithms","Pedro Ramaciotti Morales, CNRS – French National Research Centre; Tim Faverjon, Institut d'Etudes Politiques de Paris (Sciences Po)"
1E,18-Jul,11:00 AM - 12:30 PM,Houston: Golkin,07. Misinformation and Fact-Checking,How misinformation diffuses on online social networks: dynamic opinion,"Mengyi Zhang, Wuhan University; Qingxing Dong, Wuhan University; Xiaozhen Wu, Wuhan University"
1E,18-Jul,11:00 AM - 12:30 PM,Houston: Golkin,07. Misinformation and Fact-Checking,Capturing Climate Claims: A computational text analysis of energy company press releases,"Julia M. Cope, University of Pennsylvania, University of Pennsylvania"
1F,18-Jul,11:00 AM - 12:30 PM,Irvine: G7,08. Networks and Social Systems,Network Approach to Research Novelty: Typology and Metrics,"Filipi Nascimento Silva, Indiana University; Jin Ai, Indiana University"
1F,18-Jul,11:00 AM - 12:30 PM,Irvine: G7,08. Networks and Social Systems,Why is Common Sense Uncommon? A Network Model for Simulating Identity-dependent Shared Beliefs,"Arnab Sircar, University of Pennsylvania, University of Pennsylvania; Duncan J. Watts, University of Pennsylvania, University of Pennsylvania; Mark E. Whiting, University of Pennsylvania"
1F,18-Jul,11:00 AM - 12:30 PM,Irvine: G7,08. Networks and Social Systems,Human-Machine Social Systems,"Milena Tsvetkova, London School of Economics and Political Science, University of London; Niccolo Pescetelli, New Jersey Institute of Technology; Taha Yasseri, University College Dublin; Tobias Felix Werner, Heinrich Heine University Duesseldorf"
1F,18-Jul,11:00 AM - 12:30 PM,Irvine: G7,08. Networks and Social Systems,Exploring International Collaboration Dynamics through Multilayer Network Analysis,"Pei-Ying Chen, Indiana University at Bloomington; Tzu-Kun Hsiao, University of Illinois at Urbana-Champaign"
1F,18-Jul,11:00 AM - 12:30 PM,Irvine: G7,08. Networks and Social Systems,Socio-Epistemic Bubbles and Tacit Confidence in Randomized Clinical Trials,"Donghyun Kang, University of Chicago; James Evans, University of Chicago"
1F,18-Jul,11:00 AM - 12:30 PM,Irvine: G7,08. Networks and Social Systems,Absence of communication volume trends in transient relationships,"Bruno Lepri, Fondazione Bruno Kessler; Eduardo López, George Mason University; Robin Dunbar; Sam G B Roberts, Liverpool John Moores University; Simone Centellegher, Fondazione Bruno Kessler; Valentin Vergara Hidd, George Mason University"
1G,18-Jul,11:00 AM - 12:30 PM,Irvine: G16,04. Methods & Innovations,Network Recall by Large Language Models,"Hejie Cui, Stanford University; Jon Kleinberg, Cornell University; Yanbang Wang, Department of Computer Science, Cornell University"
1G,18-Jul,11:00 AM - 12:30 PM,Irvine: G16,04. Methods & Innovations,Beyond Words: Incorporating Graph Data into LLMs for Comprehensive Social System Analysis,"Debarati Das, University of Minnesota - Twin Cities; Ishaan Gupta, University of Minnesota - Twin Cities; Jaideep Srivastava, University of Minnesota - Twin Cities; Dongyeop Kang, University of Minnesota"
1G,18-Jul,11:00 AM - 12:30 PM,Irvine: G16,04. Methods & Innovations,Do LLM Agents Exhibit Social Behavior?,"Yan Leng, University of Texas, Austin; Yuan Yuan, Purdue University"
1G,18-Jul,11:00 AM - 12:30 PM,Irvine: G16,04. Methods & Innovations,Adventures in Audio: An Open and Comprehensive Dataset of Podcasts for CSS Research,"Benjamin Roger Litterer, Iowa State University; Dallas Card, University of Michigan - Ann Arbor; David Jurgens, University of Michigan - Ann Arbor"
1G,18-Jul,11:00 AM - 12:30 PM,Irvine: G16,04. Methods & Innovations,"NLP Systems That Can't Tell Use from Mention Censor Counterspeech, but Teaching the Distinction Helps","Dan Jurafsky, Stanford University; Esin Durmus, Stanford University; Kristina Gligoric, Stanford University; Lucia Zheng, Stanford University; Myra Cheng, Stanford University"
1H,18-Jul,11:00 AM - 12:30 PM,Irvine: Green Room,12. Culture and Online Communities,Using Large Language Models to Annotate Yelp Reviews so We Can Understand How Commercial Place Management Quality Shapes Crime Across Addresses,"Chirag Mahapatra, University of Chicago; Riley Tucker, University of Chicago"
1H,18-Jul,11:00 AM - 12:30 PM,Irvine: Green Room,12. Culture and Online Communities,Short and Sweet or Short and Sour: The Influence of Text Message Abbreviations on Relational Outcomes,"David Fang, Stanford University; Sam J Maglio, University of Toronto; Yiran Eileen Zhang, Sung Kyun Kwan University"
1H,18-Jul,11:00 AM - 12:30 PM,Irvine: Green Room,12. Culture and Online Communities,Remapping the World: Analyzing the Cultural Representation of Nation States through Word Embeddings,"Jang Hyo Min, Seoul National University; Jungsik Choi, Pennsylvania State University"
1H,18-Jul,11:00 AM - 12:30 PM,Irvine: Green Room,12. Culture and Online Communities,Profile Update: The Effects of Identity Disclosure on Network Connections and Language,"Daniel Romero, University of Michigan - Ann Arbor; David Jurgens, University of Michigan - Ann Arbor; Minje Choi, Georgia Institute of Technology"
1H,18-Jul,11:00 AM - 12:30 PM,Irvine: Green Room,12. Culture and Online Communities,Tackling the Challenge of Measuring Moral Appeals from Social Media Discourses,"Anqi Shao, University of Wisconsin - Madison; Dhruv Gupta, CMU, Carnegie Mellon University; Heysung Lee, University of Wisconsin - Madison; Jisoo Kim, University of Wisconsin - Madison; Kaiping Chen, University of Wisconsin - Madison; Sijia Yang, University of Wisconsin - Madison; Xining Liao, University of Wisconsin - Madison; Yoo Ji Suh, University of Wisconsin - Madison; Yun-Shiuan Chuang, University of Wisconsin - Madison; Zening Duan, University of Wisconsin - Madison"
1I,18-Jul,11:00 AM - 12:30 PM,Williams Hall G01,14. AI in Education,"The skills taught across U.S. majors, universities, and student demographics","Alireza Javadian Sabet, University of Pittsburgh; Morgan Ryan Frank, University of Pittsburgh; Renzhe Yu, Teachers College, Columbia University; Sarah H Bana, Chapman University"
1I,18-Jul,11:00 AM - 12:30 PM,Williams Hall G01,14. AI in Education,"Research Cartography: To navigate our way out of the generalizability crisis in social science, we need a map","Duncan J. Watts, University of Pennsylvania, University of Pennsylvania; Linnea Gandhi, The Wharton School, University of Pennsylvania"
1I,18-Jul,11:00 AM - 12:30 PM,Williams Hall G01,14. AI in Education,Effects of Research Paper Promotion via ArXiv and X,"Chhandak Bagchi, University of Massachusetts at Amherst; Eric Malmi, Google; Przemyslaw A. Grabowicz, College of Information and Computer Science, University of Massachusetts, Amherst"
1I,18-Jul,11:00 AM - 12:30 PM,Williams Hall G01,14. AI in Education,Humans can Learn and Culturally Preserve Inconceivable Strategies Introduced by Intelligent Machines,"Anne-Marie Nussberger, Max-Planck Institute; Iyad Rahwan, Max-Planck Institute; Levin Brinkmann, Max-Planck Institute; Maxime Derex, Université de Toulouse; Sara Bonati, Max-Planck Institute; Thomas Franz Müller, Max-Planck Institute for Human Development; Valerii Chirkov, Humboldt Universität Berlin"
1I,18-Jul,11:00 AM - 12:30 PM,Williams Hall G01,14. AI in Education,Exploring the Impact of Tenure on US Professors’ Research Practices,"Xiang Zheng, University of Wisconsin - Madison; Chaoqun Ni, University of Wisconsin, Madison"
1I,18-Jul,11:00 AM - 12:30 PM,Williams Hall G01,14. AI in Education,Where postdoctoral journeys lead,"Bedoor AlShebli, New York University, Abu Dhabi; Petter Holme, Aalto University; Qing Guan, China University of Geoscience Beijing; Shahan Ali Memon, University of Washington; Talal Rahwan, New York University; Yueran Duan, China University of Geoscience Beijing"
,18-Jul,2:30 PM - 4:00 PM,Irvine Auditorium Main Hall,,Publishing with Nature Portfolio journals – and recent developments in academic publishing,"Charles Axelsson, PhD, Chief Editor, Environmental Social Sciences, Nature Communications; Fernando Chirigati, PhD, Chief Editor, Nature Computational Science; Arunas Radzvilavicius, PhD, Senior Editor, Human Behaviour, Nature Communications; Mary Elizabeth Sutherland, PhD, Senior Editor, Nature; Sebastián Villamizar Santamaría, PhD, Associate Editor, Nature Cities"
2B,18-Jul,2:30 PM - 4:00 PM,Houston: Ben Franklin Room,07. Misinformation and Fact-Checking,Can large language models rate news outlet credibility?,"Filippo Menczer, Indiana University; Kai-Cheng Yang, Northeastern University"
2B,18-Jul,2:30 PM - 4:00 PM,Houston: Ben Franklin Room,07. Misinformation and Fact-Checking,Transparency is not enough: Warning people that they are being microtargeted fails to eliminate persuasive advantage,"Almog Simchon, University of Bristol; Fabio Carrella, University of Bristol; Stephan Lewandowsky, University of Bristol; Matthew Edwards, University of Bristol"
2B,18-Jul,2:30 PM - 4:00 PM,Houston: Ben Franklin Room,07. Misinformation and Fact-Checking,Uncommon Errors: Adaptive Intuitions in High-Quality Media Environments Increase Susceptibility to Misinformation,"Cameron Martel, Massachusetts Institute of Technology; David Rand; Rahul Bhui, Massachusetts Institute of Technology; Reed Orchinik, Massachusetts Institute of Technology"
2B,18-Jul,2:30 PM - 4:00 PM,Houston: Ben Franklin Room,07. Misinformation and Fact-Checking,Hate Speech and Misinformation on WhatsApp: Insights from a Large Data Donation Program in India and Brazil,"Kiran Garimella, Aalto University"
2B,18-Jul,2:30 PM - 4:00 PM,Houston: Ben Franklin Room,07. Misinformation and Fact-Checking,Certifiably True: The Impact of Self-Certification on Misinformation,"Aaron D Nichols, Boston University, Boston University; David Rand; Gordon Pennycook, Cornell University; Marshall Van Alstyne, Boston University, Boston University; Nina. Mazar, Boston University, Boston University; Tejovan Janaka Russell Parker, Boston University, Boston University"
2B,18-Jul,2:30 PM - 4:00 PM,Houston: Ben Franklin Room,07. Misinformation and Fact-Checking,Does hands-on learning experience of deepfakes reduce the intention to share them?,"Dilrukshi Gamage, Tokyo Institute of Technology, Tokyo Institute of Technology; Jiayu Chen, Tokyo Institute of Technology, Tokyo Institute of Technology; Kazutoshi Sasahara, Tokyo Institute of Technology; Matthew Haruyama, Tokyo Institute of Technology, Tokyo Institute of Technology; Tasuku Igarashi, Nagoya University"
2C,18-Jul,2:30 PM - 4:00 PM,Irvine: Cafe 58,04. Methods & Innovations,Latent experiments: learning from experiment-like situations in data,"Amirhossein Nakhaei, Rheinisch-Westfälische Technische Hochschule Aachen; Mark E. Whiting, University of Pennsylvania"
2C,18-Jul,2:30 PM - 4:00 PM,Irvine: Cafe 58,04. Methods & Innovations,Visual Narratives in the Digital Age: Enhanced Online Content Analysis through Automatic Image Captioning,"Kokil Jaidka, National University of Singapore; Rongxin Ouyang, National University of Singapore; Subhayan Mukerjee, National University of Singapore"
2C,18-Jul,2:30 PM - 4:00 PM,Irvine: Cafe 58,04. Methods & Innovations,A Continuous Embedding Measure of Disruptiveness Reveals Hidden Simultaneous Disruption,"Munjung Kim, Indiana University; Sadamori Kojaku, State University of New York at Binghamton; Yong-Yeol Ahn, Indiana University"
2C,18-Jul,2:30 PM - 4:00 PM,Irvine: Cafe 58,04. Methods & Innovations,A Computational Method to Reveal Psychological Constructs from Text Data,"Alina Herderich, Technische Universität Graz; David Garcia, Universität Konstanz; Heribert Harald Freudenthaler, Universität Graz"
2C,18-Jul,2:30 PM - 4:00 PM,Irvine: Cafe 58,04. Methods & Innovations,Reading Between the Lines: Institutional Constraints and the Production of Knowledge About Gender Equity in NSF ADVANCE,"Kathrin Zippel, Freie Universität Berlin; Laura Nelson, University of British Columbia; Steven Lauterwasser, Northeastern University"
2C,18-Jul,2:30 PM - 4:00 PM,Irvine: Cafe 58,04. Methods & Innovations,Mind the Gap: Trajectory Data Mining in Highly Sparse Location Datasets,"Duncan J. Watts, University of Pennsylvania, University of Pennsylvania; Francisco Barreras, University of Pennsylvania, University of Pennsylvania; Thomas H. Li, University of Pennsylvania, University of Pennsylvania"
2D,18-Jul,2:30 PM - 4:00 PM,Irvine: Amado Recital Hall,10. Politics and Media,Psychological underpinnings of partisan bias in tie formation on social media,"Cameron Martel, Massachusetts Institute of Technology; David Rand; Mohsen Mosleh, University of Exeter"
2D,18-Jul,2:30 PM - 4:00 PM,Irvine: Amado Recital Hall,10. Politics and Media,Partisan Disparities in the Use of Science in Policy,"Alexander C Furnas, Northwestern University; Dashun Wang, Northwestern University; Timothy LaPira"
2D,18-Jul,2:30 PM - 4:00 PM,Irvine: Amado Recital Hall,10. Politics and Media,Comparing Online and Offline Partisan Segregation Using a Novel Panel of Twitter Users,"Jonathan Nagler; Joshua Tucker, New York University; Megan Brown, University of Michigan - Ann Arbor; Tiago Ventura, Georgetown University"
2D,18-Jul,2:30 PM - 4:00 PM,Irvine: Amado Recital Hall,10. Politics and Media,Characterizing the politicized news media coverage of the Mpox epidemic,"Brooke Foucault Welles; Samuel Scarpino; Sharaj Kunjar, Northeastern University"
2D,18-Jul,2:30 PM - 4:00 PM,Irvine: Amado Recital Hall,10. Politics and Media,Lexical Analysis of Socio-Political Influence on Course Catalogs,"Aviral Chawla, University of Vermont; Jonathan St-Onge, University of Vermont; Juniper L Lovato, University of Vermont; Laurent Hébert-Dufresne, University of Vermont; Milo Z Trujillo, University of Vermont; Sam Zhang, University of Colorado at Boulder"
2D,18-Jul,2:30 PM - 4:00 PM,Irvine: Amado Recital Hall,10. Politics and Media,The Speed and Sentiment of News in Twitter Vs. Radio,"Deb Roy, Massachusetts Institute of Technology; William Brannon, Massachusetts Institute of Technology"
2E,18-Jul,2:30 PM - 4:00 PM,Houston: Golkin,12. Culture and Online Communities,Measuring Issue Attention in City Council Meetings,"Aidan Chang-Lee, Haverford College in Pennsylvania; Doug Beeferman, MIT; Nabeel Gillani, Northeastern University; Tyler Simko, Harvard University"
2E,18-Jul,2:30 PM - 4:00 PM,Houston: Golkin,12. Culture and Online Communities,Gathering and Flocking of Protesters on Street Networks,"Guillaume Moinard, Sorbonne Université - Faculté des Sciences (Paris VI); Matthieu Latapy, CNRS"
2E,18-Jul,2:30 PM - 4:00 PM,Houston: Golkin,12. Culture and Online Communities,Decoding the Discourse: Analyzing Personal Narratives of Drug Experiences Shared on Reddit,"Elham Aghakhani, Drexel University; Layla Bouzoubaa, Drexel University; Shadi Rezapour, Drexel University"
2E,18-Jul,2:30 PM - 4:00 PM,Houston: Golkin,12. Culture and Online Communities,Inferring collective behavior among college students using sleep and activity data from wearable devices,"Christopher Danforth, University of Vermont; Ellen W McGinnis; Jennifer Ha, University of Vermont; Johanna Esther Hidalgo, University of Vermont; Jordan Llorin, University of Vermont; Julia Kim, University of Vermont; Juniper L Lovato, University of Vermont; Kathryn Stanton, University of Vermont; Laura S.P. Bloomfield, University of Vermont; Matthew Alexander Price, University College London, University of London; Mikaela Irene Fudolig, University of Vermont; Peter Dodds, Santa Fe Institute; Ryan S. McGinnis, Wake Forest Baptist Health; Taylor Ricketts; Yoshi Meke Bird, University of Vermont"
2E,18-Jul,2:30 PM - 4:00 PM,Houston: Golkin,12. Culture and Online Communities,Lost in Translation: Investigating Systematic Discrepancies between Parallel English and Chinese Names of American Chinese Restaurants,"Cassandra Overney, Massachusetts Institute of Technology; Deb Roy, Massachusetts Institute of Technology; Diyi Yang, Stanford University; Hang Jiang, Massachusetts Institute of Technology; Jad Kabbara, Massachusetts Institute of Technology; Nanxi Liu, Wellesley College; Rukun Zhang, Shenzhen University"
2E,18-Jul,2:30 PM - 4:00 PM,Houston: Golkin,12. Culture and Online Communities,“Algorithmic serendipity leads us to lifestyle activism”: A mixed methods study of climate communication on a Chinese imaged based platform,"Pu Yan, Peking University; Ralph Schroeder, University of Oxford"
2F,18-Jul,2:30 PM - 4:00 PM,Irvine: G7,05. Social Impact and Policy,The Power of Promotional Language in Biomedical Funding Success,"Brian Uzzi, Northwestern University; Hao Peng, University of Michigan - Ann Arbor; Huilian Sophie Qiu, Northwestern University"
2F,18-Jul,2:30 PM - 4:00 PM,Irvine: G7,05. Social Impact and Policy,PlurChain: Towards a Society of Pluralistic Artificial Intelligence,"Ceren Budak, University of Michigan - Ann Arbor; Eric Gilbert, Georgia Tech Research Corporation; Joshua Ashkinaze, University of Michigan - Ann Arbor"
2F,18-Jul,2:30 PM - 4:00 PM,Irvine: G7,05. Social Impact and Policy,Cycle of Inclusion: Examining the Impact of Fare-Free Bike-Sharing Systems in Urban Communities,"Nail Furkan Bashan, Northeastern University; Qi Wang, Northeastern University; Theodore Banken, Northeastern University"
2F,18-Jul,2:30 PM - 4:00 PM,Irvine: G7,05. Social Impact and Policy,Can Sentiment Analysis Shed Light on International Relations? - A Case Study on United States Bilateral Interactions,"Danit Berger Zalmanson, University of Oxford"
2F,18-Jul,2:30 PM - 4:00 PM,Irvine: G7,05. Social Impact and Policy,Race Discrimination in Internet Advertising: Evidence From a Field Experiment,"Dan Svirsky, Uber; Neil Sehgal, University of Pennsylvania, University of Pennsylvania"
2F,18-Jul,2:30 PM - 4:00 PM,Irvine: G7,05. Social Impact and Policy,"Age, Digital Literacy, and Webpage Design: Evidence from U.S. Campaign Contributions","Eric Manning, Princeton University; William Small Schulz, Princeton University"
2G,18-Jul,2:30 PM - 4:00 PM,Irvine: G16,15. AI-driven Behavioral Economics,Hypothetical nudges approximate the direction but not the magnitude of real behavior change,"Anoushka Kiyawat, Harvard Business School; Colin Camerer, California Institute of Technology; Duncan J. Watts, University of Pennsylvania, University of Pennsylvania; Linnea Gandhi, The Wharton School, University of Pennsylvania"
2G,18-Jul,2:30 PM - 4:00 PM,Irvine: G16,15. AI-driven Behavioral Economics,Reinforcement Learning Sentiment Landscape: Zero-Sum Multi-Agent Learning Dynamics Perspective,"Alex McAvoy, University of North Carolina at Chapel Hill; Feng Fu, Dartmouth College; Mark Lovett, Dartmouth College"
2G,18-Jul,2:30 PM - 4:00 PM,Irvine: G16,15. AI-driven Behavioral Economics,A Complexity Aproach to Human Capital,"Moh Hosseinioun, Northwestern University; Hyejin Youn, Northwestern University"
2G,18-Jul,2:30 PM - 4:00 PM,Irvine: G16,15. AI-driven Behavioral Economics,Simple changes to content curation algorithms affect the beliefs people form in a collaborative filtering experiment,"Jason Burton, Copenhagen Business School; Philipp Lorenz-Spreen, Max-Planck Institute; Stefan Herzog, Max Planck Institute for Human Development"
2G,18-Jul,2:30 PM - 4:00 PM,Irvine: G16,15. AI-driven Behavioral Economics,"Gender, Experience, and Institutional Policies as Determinants of High Potential Innovation Success","Brian Uzzi, Northwestern University; Ryan Whalen, University of Hong Kong; Sourav Medya, University of Illinois at Chicago; Tara Sowrirajan, Northwestern University"
2G,18-Jul,2:30 PM - 4:00 PM,Irvine: G16,15. AI-driven Behavioral Economics,Social Satisficing: How A Simple Cognitive Constraint Governs Norm Emergence,"Charles Yang, University of Pennsylvania, University of Pennsylvania; Douglas Richard Guilbeault, University of California, Berkeley; Spencer Caplan, City University of New York, City University of New York"
2H,18-Jul,2:30 PM - 4:00 PM,Irvine: Green Room,20. Policy and Urban Planning,Behavior-based dependency networks between places shape urban economic resilience,"Alex Pentland, Massachusetts Institute of Technology; Bernardo Garcia Bulle Bueno, Massachusetts Institute of Technology; Esteban Moro, Northeastern University; Morgan Ryan Frank, University of Pittsburgh; Takahiro Yabe, New York University"
2H,18-Jul,2:30 PM - 4:00 PM,Irvine: Green Room,20. Policy and Urban Planning,Racial diversity and homophily in police deployment networks,"George Wood, University of Manchester; Gerard Torrats-Espinosa, Columbia University; Samuel Thomas Donahue, Columbia University"
2H,18-Jul,2:30 PM - 4:00 PM,Irvine: Green Room,20. Policy and Urban Planning,Mobility data and deep learning for advancing spatiotemporal crime forecasting in microgeographic units,"Ariadna Albors Zumel, University of Trento; Gian Maria Campedelli, Fondazione Bruno Kessler; Giuseppe Alessandro Veltri, University of Trento; Michele Tizzoni, University of Trento"
2H,18-Jul,2:30 PM - 4:00 PM,Irvine: Green Room,20. Policy and Urban Planning,The impact of the morphology of a system of cities on its ability to foster balanced interactions,"Matteo Mazzamurro, Aarhus University"
2I,18-Jul,2:30 PM - 4:00 PM,Williams Hall G01,17. AI and the Future of Work,Recipe for Success: Quantifying the Relative Influence of Teamwork Facets on Performance,"Abdullah Almaatouq, Massachusetts Institute of Technology; Duncan J. Watts, University of Pennsylvania, University of Pennsylvania; Mark E. Whiting, University of Pennsylvania; Xinlan Emily Hu, The Wharton School, University of Pennsylvania"
2I,18-Jul,2:30 PM - 4:00 PM,Williams Hall G01,17. AI and the Future of Work,Machine Culture,"Agnieszka Czaplicka, Max-Planck Institute; Alberto Acerbi, Università di Trento; Anne-Marie Nussberger, Max-Planck Institute; Fabian Baumann, Max-Planck-Institut für Bildungsforschung; Iyad Rahwan, Max-Planck Institute; JF Bonnefon, CNRS; Joel Z Leibo, Google; Jonathan Stray, University of California, Berkeley; Joseph Henrich; Levin Brinkmann, Max-Planck Institute; Maxime Derex, Université de Toulouse; Pierre-Yves Oudeyer, Inria; Richard Mcelreath, University of California-Davis; Thomas Franz Müller, Max-Planck Institute for Human Development; Thomas L. Griffiths, Princeton University"
2I,18-Jul,2:30 PM - 4:00 PM,Williams Hall G01,17. AI and the Future of Work,First-mover Patents,"Attila Varga, Indiana University"
2I,18-Jul,2:30 PM - 4:00 PM,Williams Hall G01,17. AI and the Future of Work,Managing Labour Market Impacts of LLMs through a Jobs Centric Industrial Policy,"Bhargav Srinivasa Desikan, EPFL - EPF Lausanne; Carsten Jung, IPPR"
2I,18-Jul,2:30 PM - 4:00 PM,Williams Hall G01,17. AI and the Future of Work,The Beauty Bias Effect in Scientific Careers,"Brian Uzzi, Northwestern University; Dawei Wang; Qinghua Lee, Northwestern University"
2I,18-Jul,2:30 PM - 4:00 PM,Williams Hall G01,17. AI and the Future of Work,Quantifying Biennale Effect: Visibility and Recognition of Artists' Career,"Albert-Laszlo Barabasi, Northeastern University; Rodrigo Dorantes-Gilardi, Northeastern University; Yixuan Liu, Northeastern University"
,19-Jul,11:00 AM - 12:30 PM,Irvine Auditorium Main Hall,,Models for data access in the post API world,"Rebekah Tromble, George Washington University; David Lazer, Northeastern University; Talia Stroud, University of Texas; Libby Hemphill, University of Michigan"
3B,19-Jul,11:00 AM - 12:30 PM,Houston: Ben Franklin Room,10. Politics and Media,Investigating the Impact of Media Bias on News Readers,"Amir Tohidi Kalorazi, University of Pennsylvania, University of Pennsylvania; Duncan J. Watts, University of Pennsylvania, University of Pennsylvania; Samar Haider, University of Pennsylvania"
3B,19-Jul,11:00 AM - 12:30 PM,Houston: Ben Franklin Room,10. Politics and Media,Representations of Ideology in Large Language Models,"Kiho Park, University of Chicago; Sean O'Hagan, University of Chicago; Aaron Schein, University of Chicago"
3B,19-Jul,11:00 AM - 12:30 PM,Houston: Ben Franklin Room,10. Politics and Media,Measuring partisanship in ideologically-biased TV news shows,"Aaron Clauset, University of Colorado at Boulder; Duncan J. Watts, University of Pennsylvania, University of Pennsylvania; Homa Hosseinmardi, University of Pennsylvania, University of Pennsylvania; Upasana Dutta, University of Pennsylvania, University of Pennsylvania"
3B,19-Jul,11:00 AM - 12:30 PM,Houston: Ben Franklin Room,10. Politics and Media,Behavioral Manifestations of Political Polarization: Evidence on (Un)friending from over 150 Million Facebook Users,"Neil Malhotra, Stanford University"
3B,19-Jul,11:00 AM - 12:30 PM,Houston: Ben Franklin Room,10. Politics and Media,Social Learning of Political Elites - Peer effects in legislators’ political speech,"Hugo Subtil, University of Zurich"
3C,19-Jul,11:00 AM - 12:30 PM,Irvine: Cafe 58,02. Algorithmics & Public Opinion,The Dynamics of (Not) Unfollowing Misinformation Spreaders,"Ceren Budak, University of Michigan - Ann Arbor; Eric Gilbert, Georgia Tech Research Corporation; Joshua Ashkinaze, University of Michigan - Ann Arbor"
3C,19-Jul,11:00 AM - 12:30 PM,Irvine: Cafe 58,02. Algorithmics & Public Opinion,The News Comment Gap and Algorithmic Agenda Setting in Online Forums,"Flora Böwing; Patrick Gildersleve, London School of Economics and Political Science, University of London"
3C,19-Jul,11:00 AM - 12:30 PM,Irvine: Cafe 58,02. Algorithmics & Public Opinion,Analysis of emotional bias in American news media discourse,"Baird Howland, University of Pennsylvania, University of Pennsylvania; David Rothschild, Research, Microsoft; Duncan J. Watts, University of Pennsylvania, University of Pennsylvania"
3C,19-Jul,11:00 AM - 12:30 PM,Irvine: Cafe 58,02. Algorithmics & Public Opinion,Understanding Underground Incentivized Review Services,"Rajvardhan Oak, Microsoft; Zubair Shafiq, University of California, Davis"
3C,19-Jul,11:00 AM - 12:30 PM,Irvine: Cafe 58,02. Algorithmics & Public Opinion,Facebook reduces inequalities in online news exposure,"Felix Schmidt, Gesis; Frank Mangold, GESIS; Sebastian Stier, GESIS - Leibniz Institute for the Social Sciences"
3C,19-Jul,11:00 AM - 12:30 PM,Irvine: Cafe 58,02. Algorithmics & Public Opinion,Google Scholar is manipulatable,"Fengyuan Michael Liu, New York University; Hazem Ibrahim, New York University; Talal Rahwan, New York University; Yasir Zaki, New York University Abu Dhabi"
3D,19-Jul,11:00 AM - 12:30 PM,Irvine: Amado Recital Hall,12. Culture and Online Communities,Vogue in American Sociology,"Andrew P. Davis, North Carolina State University; Tom R. Leppard, North Carolina State University; Xiaoqin Yan, North Carolina State University; Honglin Bao, Harvard Business School"
3D,19-Jul,11:00 AM - 12:30 PM,Irvine: Amado Recital Hall,12. Culture and Online Communities,Hope Hurts: Expectations-based Reference Dependence in Yelp Reviews,"Min-heng Wang, Icahn School of Medicine at Mount Sinai; Shuyan Zhan, CMU, Carnegie Mellon University; Ying-Kai Huang, University of Pittsburgh"
3D,19-Jul,11:00 AM - 12:30 PM,Irvine: Amado Recital Hall,12. Culture and Online Communities,A Cross-Cultural Analysis of Social Norms in Bollywood and Hollywood Movies,"Khushang Zaveri, Mahindra University; Lyle Ungar, University of Pennsylvania; Sharath Chandra Guntuku, University of Pennsylvania; Shreya Havaldar, University of Pennsylvania; Soumna Nema, Mahindra University; Sunny Rai, School of Engineering and Applied Science, University of Pennsylvania"
3D,19-Jul,11:00 AM - 12:30 PM,Irvine: Amado Recital Hall,12. Culture and Online Communities,Feminist Discussion in the Tangshan Beating Incident: Feminist Discussion and Emotional Heterotopia in Patriarchal China,"Jiayi Zhu, University of Melbourne; Zituo Wang, University of Southern California"
3D,19-Jul,11:00 AM - 12:30 PM,Irvine: Amado Recital Hall,12. Culture and Online Communities,Balancing Act: The Dual Pathways of Exploitation and Exploration in Live Streaming,"Akira Matsui, Yokohama National University; Kazuki Fujikawa, DeNA Co., Ltd.; Ryo Adachi, DeNA Co Ltd; Ryo Sasaki, DeNA Co., Ltd."
3D,19-Jul,11:00 AM - 12:30 PM,Irvine: Amado Recital Hall,12. Culture and Online Communities,TubeStats: A Dashboard for YouTube Metrics,"Ethan Zuckerman, University of Massachusetts at Amherst; Kevin Zheng, University of Massachusetts at Amherst; Ryan McGrady, University of Massachusetts at Amherst"
3E,19-Jul,11:00 AM - 12:30 PM,Houston: Golkin,04. Methods & Innovations,The universal instrument: LLMs and measurement in social science,"Abigail Z Jacobs, University of Michigan; Dallas Card, University of Michigan - Ann Arbor; Meera Desai, University of Michigan - Ann Arbor"
3E,19-Jul,11:00 AM - 12:30 PM,Houston: Golkin,04. Methods & Innovations,Misclassification in Automated Content Analysis Causes Bias in Regression. Can We Fix It? Yes We Can!,"Chung-hong Chan, GESIS; Nathan TeBlunthuis, Northwestern University; Valerie Hase, Ludwig-Maximilians-Universität München"
3E,19-Jul,11:00 AM - 12:30 PM,Houston: Golkin,04. Methods & Innovations,Comparing LLMs with traditional content analysis methods in measuring communication concepts,"Dhruv Gupta, CMU, Carnegie Mellon University; Kaiping Chen, University of Wisconsin - Madison; Liwei Shen, University of Wisconsin - Madison; Luhang Sun, University of Wisconsin - Madison; Shanglin Yang, University of Wisconsin - Madison; Sijia Yang, University of Wisconsin - Madison; Yibing Sun, University of Wisconsin - Madison; Yun-Shiuan Chuang, University of Wisconsin - Madison; Zening Duan, University of Wisconsin - Madison"
3E,19-Jul,11:00 AM - 12:30 PM,Houston: Golkin,04. Methods & Innovations,Improving the Governance of Digital Platforms with Interactive Marketplace Experiments,"Marshall Van Alstyne, Boston University, Boston University; Nina. Mazar, Boston University, Boston University; Sverre Wiedswang, Norwegian University of Science and Technology; Swapneel S Mehta, New York University; Zou Yang, Boston University, Boston University"
3E,19-Jul,11:00 AM - 12:30 PM,Houston: Golkin,04. Methods & Innovations,Evaluating Contextual Factors of Performance and Fairness Shift in Predictive Model Transfer,"Joseph Olson, University of Alabama at Birmingham; Renzhe Yu, Teachers College, Columbia University; Zhen Xu, Columbia University; Zhijian Zheng, University of California, Irvine"
3F,19-Jul,11:00 AM - 12:30 PM,Irvine: G7,06. Data and Privacy,The Parrot Dilemma: Human-Labeled vs. LLM-augmented Data in Classification Tasks,"Anders Giovanni Møller, IT University of Copenhagen; Arianna Pera, IT University of Copenhagen; Jacob Aarup Dalsgaard, Copenhagen University; Luca Maria Aiello, IT University of Copenhagen"
3F,19-Jul,11:00 AM - 12:30 PM,Irvine: G7,06. Data and Privacy,Reliability and Validity of Two-Way Radio Use as a Measure of Police Activity,"Christopher Graziul, University of Chicago; Shiyang Lai, University of Chicago"
3F,19-Jul,11:00 AM - 12:30 PM,Irvine: G7,06. Data and Privacy,Illegal Drug Use and Government Policy: Evidence from a Darknet Marketplace,"Anastasia Karpova, Princeton University; Artem Kuriksha, University of Pennsylvania, Department of Economics; Peter Meylakhs, Sechenov University; Priyanka Goonetilleke, University of Pennsylvania"
3F,19-Jul,11:00 AM - 12:30 PM,Irvine: G7,06. Data and Privacy,Conducting social media experiments and auditing algorithms with engagement-predictive user models trained on donated behavioral data,"Paul Bouchaud, CNRS; Pedro Ramaciotti Morales, CNRS – French National Research Centre"
3F,19-Jul,11:00 AM - 12:30 PM,Irvine: G7,06. Data and Privacy,"Synthetic Data Generated with Analytic and Generative AI: Evaluating Quality, Utility, and Risks in the Evolving Data Ecosystem","Richard J Timpone, Ipsos; Yongwei Yang, Google"
3F,19-Jul,11:00 AM - 12:30 PM,Irvine: G7,06. Data and Privacy,Digital trace data collection through data donation,"Bella Struminskaya, Utrecht University; Heleen Janssen, University of Amsterdam; Laura Boeschoten, Utrecht University; Niek C. de Schipper, Tilburg University; Theo Araujo, University of Amsterdam"
3G,19-Jul,11:00 AM - 12:30 PM,Irvine: G16,05. Social Impact and Policy,Perceptions of Inequality and Redistribution Decisions,"Henrik Olsson, Complexity Science Hub; Milena Tsvetkova, London School of Economics and Political Science, University of London; Mirta Galesic, Santa Fe Institute"
3G,19-Jul,11:00 AM - 12:30 PM,Irvine: G16,05. Social Impact and Policy,Low-quality news posts receive higher engagement but not more impressions on Twitter,"David Rand; Jennifer Allen, Massachusetts Institute of Technology; Mohsen Mosleh, University of Exeter"
3G,19-Jul,11:00 AM - 12:30 PM,Irvine: G16,05. Social Impact and Policy,Leveraging Promotional Language in Grant Proposals,"Brian Uzzi, Northwestern University; Hao Peng, University of Michigan - Ann Arbor; Huilian Sophie Qiu, Northwestern University"
3G,19-Jul,11:00 AM - 12:30 PM,Irvine: G16,05. Social Impact and Policy,Beyond a Number Game: Flat Structures Foster Minority Inclusion in Diverse Scientific Teams,"Huimin Xu, University of Texas at Austin; Ying Ding, University of Texas, Austin"
3G,19-Jul,11:00 AM - 12:30 PM,Irvine: G16,05. Social Impact and Policy,Testing the Effects of Social Infrastructure for White Flight Behavior in Stockholm,"Laura Fürsich, Linköping University; Sarah Valdez, Institute for Analytical Sociology"
3G,19-Jul,11:00 AM - 12:30 PM,Irvine: G16,05. Social Impact and Policy,Race or SES? Estimating the impacts of different policy objectives on K-12 school integration,"Kumar Chandra, Stanford University; Nabeel Gillani, Northeastern University; Tyler Simko, Harvard University"
3H,19-Jul,11:00 AM - 12:30 PM,Irvine: Green Room,13. Platform governance,Editors handle the submissions of their collaborators and colleagues despite explicit policies,"Bedoor AlShebli, New York University, Abu Dhabi; Fengyuan Michael Liu, New York University; Talal Rahwan, New York University"
3H,19-Jul,11:00 AM - 12:30 PM,Irvine: Green Room,13. Platform governance,Post Guidance for Online Communities,"Manoel Horta Ribeiro, EPFL - EPF Lausanne; Robert West, EPFL - EPF Lausanne; Sanjay Kairam, Reddit"
3H,19-Jul,11:00 AM - 12:30 PM,Irvine: Green Room,13. Platform governance,Where on Earth Do Users Say They Are?: Geo-Entity Linking for Noisy User Input,"Tessa Masis, University of Massachusetts at Amherst; Brendan O'Connor, University of Massachusetts, Amherst"
3H,19-Jul,11:00 AM - 12:30 PM,Irvine: Green Room,13. Platform governance,Do Servers Matter on Mastodon? Data-driven Design for Decentralized Social Media,"Carl Colglazier, Northwestern University"
3H,19-Jul,11:00 AM - 12:30 PM,Irvine: Green Room,13. Platform governance,Evaluating Content Moderation on Google Search: Data Voids and Warning Banners,"David Thiel; Evan M Williams, Carnegie Mellon University; Jeffrey Hancock, Stanford University; Kathleen M. Carley, Carnegie Mellon University; Renée DiResta, Stanford University; Ronald E. Robertson, Stanford University; Shelby Grossman, Stanford University"
3H,19-Jul,11:00 AM - 12:30 PM,Irvine: Green Room,13. Platform governance,News On the Side: Yandex’s Top-5 News As a Tool of Russia’s Propaganda Abroad,"Daria Kravets, Universität Passau"
3I,19-Jul,11:00 AM - 12:30 PM,Williams Hall G01,04. Methods & Innovations,"Comparing Traditional and LLM-based Search for Consumer Decision Making: Speed, Accuracy, and Overreliance","Daniel G. Goldstein, Microsoft Research; David Rothschild, Microsoft Research; Jake M. Hofman, Microsoft Research; Sofia Eleni Spatharioti, Microsoft Research"
3I,19-Jul,11:00 AM - 12:30 PM,Williams Hall G01,04. Methods & Innovations,Making Big Data Small: Short Text Clustering using Large Language Models,"Justin Kyle Miller, University of Sydney; Tristram Alexander, University of Sydney"
3I,19-Jul,11:00 AM - 12:30 PM,Williams Hall G01,04. Methods & Innovations,SPIN: Sparsifying and Integrating Internal Neurons in Large Language Models for Text Classification,"Ashton Anderson, Department of Computer Science, University of Toronto; Daniel Matter, Technische Universität München; Difan Jiao, Department of Computer Science, University of Toronto; Jürgen Pfeffer, Technische Universität München; Yilun Liu, Technische Universität München; Zhenwei Tang, University of Toronto"
3I,19-Jul,11:00 AM - 12:30 PM,Williams Hall G01,04. Methods & Innovations,Automated Social Science: A Structural Causal Model-Based Approach,"Benjamin S. Manning, Massachusetts Institute of Technology; John Joseph Horton, Massachusetts Institute of Technology; Kehang Zhu, Harvard University"
3I,19-Jul,11:00 AM - 12:30 PM,Williams Hall G01,04. Methods & Innovations,"Inferring the Latent Space of Political Ideology using Longitudinal, Multiview Election Data","John D. O'Brien, Bowdoin College"
3J,19-Jul,11:00 AM - 12:30 PM,Williams Hall 723,18. Social Media Dynamics and Content Analysis,What differences in people contribute to differences in common sense?,"Duncan J. Watts, University of Pennsylvania, University of Pennsylvania; Mark E. Whiting, University of Pennsylvania"
3J,19-Jul,11:00 AM - 12:30 PM,Williams Hall 723,18. Social Media Dynamics and Content Analysis,Personality Shapes Responses to COVID-19 Restrictions in University Students,"Bruno Lepri, Fondazione Bruno Kessler; Davide Longo, University of Trento; Ivano Bison, University of Trento; Nicolò Alessandro Girardini, Fondazione Bruno Kessler; Simone Centellegher, Fondazione Bruno Kessler"
3J,19-Jul,11:00 AM - 12:30 PM,Williams Hall 723,18. Social Media Dynamics and Content Analysis,Opinion averaging versus argument exchange,"Jason Burton, Copenhagen Business School; Leon Assaad, Ludwig-Maximilians-Universität München"
3J,19-Jul,11:00 AM - 12:30 PM,Williams Hall 723,18. Social Media Dynamics and Content Analysis,The Echoes of the 'I': Tracing Identity with Demographically Enhanced Word Embeddings,"Ivan Smirnov, University of Technology Sydney"
3J,19-Jul,11:00 AM - 12:30 PM,Williams Hall 723,18. Social Media Dynamics and Content Analysis,Lean-back and lean-forward online behaviors: the role of emotions in passive versus proactive information diffusion of social media content,"Martin Hilbert, University of California, Davis; Pablo M. Flores, University of California, Davis"
3J,19-Jul,11:00 AM - 12:30 PM,Williams Hall 723,18. Social Media Dynamics and Content Analysis,Multidimensional Stereotypes Emerge Spontaneously When Exploration is Costly,"Xuechunzi Bai, The University of Chicago; Tom Griffiths, Princeton University; Susan Fiske, Princeton University"
,19-Jul,2:30 PM - 4:00 PM,Irvine Auditorium Main Hall,,The Meta Content Library: A Researcher's Guide,"Christina Fan, Meta, Research Partnerships; Yair Rubinstein, Meta, Research Partnerships; Seulki Kang, Meta, Partner Data Scientist"
4B,19-Jul,2:30 PM - 4:00 PM,Houston: Ben Franklin Room,08. Networks and Social Systems,Roles of Network and Identity in Hashtag Diffusion,"Aparna Ananthasubramaniam, University of Michigan - Ann Arbor; Daniel Romero, University of Michigan - Ann Arbor; David Jurgens, University of Michigan - Ann Arbor; Yufei Louise Zhu, University of Michigan - Ann Arbor"
4B,19-Jul,2:30 PM - 4:00 PM,Houston: Ben Franklin Room,08. Networks and Social Systems,Locating the Asymmetry in Information Flow between Local and National Media on Transgender Discourses,"Alyssa Hasegawa Smith, Northeastern University; Pranav Goel, Northeastern University; Sagar Kumar, Northeastern University; Yukun Yang, Northeastern University"
4B,19-Jul,2:30 PM - 4:00 PM,Houston: Ben Franklin Room,08. Networks and Social Systems,Mixing Individual and Collective Behaviours in Mobility Models,"Bruno Lepri, Fondazione Bruno Kessler; Luca Pappalardo, CNR; Massimiliano Luca, Fondazione Bruno Kessler; Riccardo Gallotti, Fondazione Bruno Kessler; Sebastiano Bontorin, University of Trento; Simone Centellegher, Fondazione Bruno Kessler"
4B,19-Jul,2:30 PM - 4:00 PM,Houston: Ben Franklin Room,08. Networks and Social Systems,With Flying Colors: Predicting Community Success in Large-scale Collaborative Campaigns,"Abraham Israeli, Ben-Gurion University of the Negev; Oren Tsur, Ben-Gurion University of the Negev"
4B,19-Jul,2:30 PM - 4:00 PM,Houston: Ben Franklin Room,08. Networks and Social Systems,The Scaling of Function Diversity and Specialization Across Socioeconomic and Biological Complex Systems,"James Holehouse, Santa Fe; Vicky Chuqiao Yang (MIT); Chris Kempes (Santa Fe Institute); Jose Ignacio Arroyo (Santa Fe Institute); Sid Redner (Santa Fe Institute); Hyejin Youn (Northwestern University & Santa Fe Institute); Geoffrey West (Santa Fe Institute)"
4B,19-Jul,2:30 PM - 4:00 PM,Houston: Ben Franklin Room,08. Networks and Social Systems,Uncovering Influence Patterns in Cultural Markets: A Study of Book Lending across Danish Municipalities,"Anders Weile, IT University of Copenhagen; Vedran Sekara, IT University of Copenhagen"
4C,19-Jul,2:30 PM - 4:00 PM,Irvine: Cafe 58,04. Methods & Innovations,Bridging agent-based opinion dynamics and empirical social sciences,"Antoine Vendeville, Institut d'Etudes Politiques de Paris (Sciences Po); Duncan Cassells, University of Bristol; Pedro Ramaciotti Morales, CNRS French National Research Centre"
4C,19-Jul,2:30 PM - 4:00 PM,Irvine: Cafe 58,04. Methods & Innovations,Does Big-Data Correlational Analysis Predict Causal Effects of Language on Decisions?,"Oleg Urminsky, University of Chicago"
4C,19-Jul,2:30 PM - 4:00 PM,Irvine: Cafe 58,04. Methods & Innovations,InnovationInsights: A Visual Analytics Approach for Understanding the Dual Frontiers of Science and Technology,"Dashun Wang, Northwestern University; Nan Cao, Polytechnic Institute of NYU; Xiaoyu Qi, Tongji University; Yifan Qian, Northwestern University; Yifang Wang, Northwestern University"
4C,19-Jul,2:30 PM - 4:00 PM,Irvine: Cafe 58,04. Methods & Innovations,"Leveraging Language Models, Deep Learning, and Novel Data Streams to Characterize Restaurant Nutritional Quality Across the U.S","Abigail L Horn, University of Southern California; Andres Abeliuk, Universidad de Chile, Universidad de Chile; DongHyeon Seo, University of Southern California; Keith Burghardt, USC/ISI"
4C,19-Jul,2:30 PM - 4:00 PM,Irvine: Cafe 58,04. Methods & Innovations,"A comparison of frame detection using large language models, keyword-assisted topic models, and transformer-based models","Johan A. Dornschneider-Elkink, University College Dublin; Salsabil M. Abdalbaki, University College Dublin"
4C,19-Jul,2:30 PM - 4:00 PM,Irvine: Cafe 58,04. Methods & Innovations,"Literature Analysis with Algorithms, AI and Human Assistance","Matthew F Asher, Lancaster University"
4D,19-Jul,2:30 PM - 4:00 PM,Irvine: Amado Recital Hall,16. Computational Epidemiology and Public Health,Accurate Measures of Vaccination and Concerns of Vaccine Holdouts from Web Search Logs,"Adam Fourney, Research, Microsoft; Eric Horvitz, Microsoft; Serina Chang, Stanford University"
4D,19-Jul,2:30 PM - 4:00 PM,Irvine: Amado Recital Hall,16. Computational Epidemiology and Public Health,Misinformed populations amplify the spread of disease,"Alessandro Flammini, Indiana University at Bloomington; Filippo Menczer, Indiana University; Francesco Pierri, Politecnico di Milano; Matthew DeVerna, Indiana University; Santo Fortunato, Indiana University; Yong-Yeol Ahn, Indiana University"
4D,19-Jul,2:30 PM - 4:00 PM,Irvine: Amado Recital Hall,16. Computational Epidemiology and Public Health,Impact Of Emotions on Information Seeking And Sharing Behaviors During Pandemic,"Hao Xu, University of Melbourne; Jaideep Srivastava, University of Minnesota - Twin Cities; Jisu Huh, University of Minnesota - Twin Cities; Smitha Muthya Sudheendra, University of Minnesota - Twin Cities"
4D,19-Jul,2:30 PM - 4:00 PM,Irvine: Amado Recital Hall,16. Computational Epidemiology and Public Health,Shifting Narratives in Media Coverage: A Decade of Drug Discourse in The Philadelphia Inquirer,"Layla Bouzoubaa, Drexel University; Preetha Chatterjee, Drexel University; Ramtin Ehsani, Drexel University; Shadi Rezapour, Drexel University"
4D,19-Jul,2:30 PM - 4:00 PM,Irvine: Amado Recital Hall,16. Computational Epidemiology and Public Health,Effect of mobile food environments on fast food visits,"Abigail L Horn, University of Southern California; Alex Pentland, Massachusetts Institute of Technology; Bernardo Garcia Bulle Bueno, Massachusetts Institute of Technology; Esteban Moro, Northeastern University; Kayla de la Haye; Mohsen Bahrami, Massachusetts Institute of Technology"
4D,19-Jul,2:30 PM - 4:00 PM,Irvine: Amado Recital Hall,16. Computational Epidemiology and Public Health,Knowledge breaks homophily: Examining the communication interaction among crowdsourced elites in COVID-19 vaccine communication,"Caoyifu Zhou, Boston University, Boston University; Chris Chao Su, Boston University, Boston University; Jiacheng Huang, University of Minnesota - Twin Cities; Le He, Boston University, Boston University; Xinwei Zheng, Boston University, Boston University"
4E,19-Jul,2:30 PM - 4:00 PM,Houston: Golkin,12. Culture and Online Communities,Multimodal Implicit Harm Discovery: Capturing Harmful Body Metaphors on TikTok,"Dan Jurafsky, Stanford University; Kristina Gligoric, Stanford University; Myra Cheng, Stanford University"
4E,19-Jul,2:30 PM - 4:00 PM,Houston: Golkin,12. Culture and Online Communities,Identifying Patterns in Discussion of Religious Deconversion on Reddit,"Andrea Forte, Drexel University; Jordyn Young, University of Michigan - Ann Arbor; Michal Monselise, Drexel University"
4E,19-Jul,2:30 PM - 4:00 PM,Houston: Golkin,12. Culture and Online Communities,Shifting Climates: Climate Change Communication from YouTube to TikTok,"Arianna Pera, IT University of Copenhagen; Luca Maria Aiello, IT University of Copenhagen"
4E,19-Jul,2:30 PM - 4:00 PM,Houston: Golkin,12. Culture and Online Communities,Cross-Cultural Belief Dynamics: A Case Study of K-pop Fans and the BLM Movement,"Joshua Introne, Syracuse University; Yuheun Kim, School of Information Studies, Syracuse University"
4E,19-Jul,2:30 PM - 4:00 PM,Houston: Golkin,12. Culture and Online Communities,Investigating Cultural Alignment of Large Language Models,"Badr AlKhamissi, EPFL - EPF Lausanne; Mai Alkhamissi, Princeton University; Mona T. Diab, Carnegie Mellon University; Muhammad ElNokrashy, Microsoft"
4E,19-Jul,2:30 PM - 4:00 PM,Houston: Golkin,12. Culture and Online Communities,Fora: Insights from a corpus and framework for the study of facilitated dialogue,"Deb Roy, Massachusetts Institute of Technology; Hope Schroeder, Massachusetts Institute of Technology; Jad Kabbara, Massachusetts Institute of Technology"
4F,19-Jul,2:30 PM - 4:00 PM,Irvine: G7,"09. Crises, Emergencies, and Disasters",Measuring Network Dynamics of Drug Overdose Deaths in the United States,"Jeanine M. Buchanich, University of Pittsburgh; Kushagra Tiwari, University of Pittsburgh; M. Amin Rahimian, University of Pittsburgh; Praveen Kumar, University of Pittsburgh"
4F,19-Jul,2:30 PM - 4:00 PM,Irvine: G7,"09. Crises, Emergencies, and Disasters",Belief updating patterns and social learning in stable and dynamic environments,"David Lagnado, University College London, University of London; Nichola J Raihani, University of Auckland; Trisevgeni Papakonstantinou, University College London, University of London"
4F,19-Jul,2:30 PM - 4:00 PM,Irvine: G7,"09. Crises, Emergencies, and Disasters",Spotlight Tweets: Exploring Attention Dynamics in Online Sensemaking during Crisis Events,"Emma Spiro, University of Washington; Kaitlyn Zhou, Stanford University; Kate Starbird, University of Washington; Tom Wilson, University of Washington"
4F,19-Jul,2:30 PM - 4:00 PM,Irvine: G7,"09. Crises, Emergencies, and Disasters",Dynamical prioritization of social ties in systemic crises: The role of non-coresident kin in intercity migration during COVID-19,"Eduardo López, George Mason University; Jericho McLeod, George Mason University; Unchitta Kan, George Mason University"
4F,19-Jul,2:30 PM - 4:00 PM,Irvine: G7,"09. Crises, Emergencies, and Disasters",Global News Synchrony and Diversity During the Start of the COVID-19 Pandemic,"David Jurgens, University of Michigan - Ann Arbor; Ethan Zuckerman, University of Massachusetts at Amherst; Mattia Samory, GESIS-Leibniz Institute for the Social Sciences; Scott A. Hale, Meedan; Xi Chen, Department of Computer Science, University of Massachusetts at Amherst; Przemyslaw A. Grabowicz, College of Information and Computer Science, University of Massachusetts, Amherst"
4G,19-Jul,2:30 PM - 4:00 PM,Irvine: G16,10. Politics and Media,Measuring Diversity in Online News,"Chris Callison-Burch, Allen Institute for Artificial Intelligence; David Rothschild, Research, Microsoft; Duncan J. Watts, University of Pennsylvania, University of Pennsylvania; Samar Haider, University of Pennsylvania"
4G,19-Jul,2:30 PM - 4:00 PM,Irvine: G16,10. Politics and Media,Navigating News in the Digital Era: The Influence of Browsing Modes and User Characteristics on Exposure and Diversity,"Shir Weinbrand, University of Haifa; Shira Dvir-Gvirsman"
4G,19-Jul,2:30 PM - 4:00 PM,Irvine: G16,10. Politics and Media,From Networks to Ballot Boxes: Comparing Online and Offline Partisan Exposure in the U.S.,"Bruno Lepri, Fondazione Bruno Kessler; Marco Tonin, University of Trento; Michele Tizzoni, University of Trento"
4G,19-Jul,2:30 PM - 4:00 PM,Irvine: G16,10. Politics and Media,"One Platform, Four Languages: A Method to Compare Languages on YouTube","Ethan Zuckerman, University of Massachusetts at Amherst; Kevin Zheng, University of Michigan - Ann Arbor; Ryan McGrady, University of Massachusetts at Amherst"
4G,19-Jul,2:30 PM - 4:00 PM,Irvine: G16,10. Politics and Media,When Curiosity Gaps Backfire: Effects of Headline Concreteness on Information Selection Decisions,"J. Nathan Matias, Cornell University; Marianne Aubin Le Quéré, Cornell University"
4G,19-Jul,2:30 PM - 4:00 PM,Irvine: G16,10. Politics and Media,The Role of Partisan Culture in Mental Health Language Online,"Ben Rochford, Duke University; Munmun De Choudhury, Georgia Institute of Technology; Neha Kumar, Georgia Tech Research Corporation; Sachin Pendse"
4H,19-Jul,2:30 PM - 4:00 PM,Irvine: Green Room,05. Social Impact and Policy,Gender Mainstreaming in Global Governance: An NLP Analysis of United Nations General Assembly Meetings,"Ayan-Yue Gupta, University of Bristol; Saumya Tripathi, State University of New York at Binghamton"
4H,19-Jul,2:30 PM - 4:00 PM,Irvine: Green Room,05. Social Impact and Policy,Location is a major barrier for transferring US fossil fuel employment to green jobs,"Morgan Ryan Frank, University of Pittsburgh"
4H,19-Jul,2:30 PM - 4:00 PM,Irvine: Green Room,05. Social Impact and Policy,Understanding neighborhoods in the United States with diversity and exposure,"Andrew Renninger, University College London, University of London"
4H,19-Jul,2:30 PM - 4:00 PM,Irvine: Green Room,05. Social Impact and Policy,Evaluating Diversity of Encounters in Urban Spaces Based on Restaurant Reviews,"Hiroki Nakajima, The University of Tokyo; Ichiro Sakata, Tokyo University, Tokyo Institute of Technology; Kimitaka Asatani, Tokyo University, Tokyo Institute of Technology; Rikuei Kaku, The University of Tokyo, Tokyo Institute of Technology; Shun Kishimoto, The University of Tokyo"
4H,19-Jul,2:30 PM - 4:00 PM,Irvine: Green Room,05. Social Impact and Policy,Motivating Innovation: The Impact of “People based” Funding on Junior Scientists,"Yangwang, Xi'an Jiaotong University; Meiling Li, Xi'an Jiaotong University"
4H,19-Jul,2:30 PM - 4:00 PM,Irvine: Green Room,05. Social Impact and Policy,145 years of Truth in Congress: Computational Analysis of Speeches from 1879 to 2022,"Almog Simchon, University of Bristol; David Garcia, Universität Konstanz; Fabio Carrella, University of Bristol; Jana Lasser, Karl-Franzens-Universität Graz; Segun Aroyehun, Universität Konstanz; Stephan Lewandowsky, University of Bristol"
4I,19-Jul,2:30 PM - 4:00 PM,Williams Hall G01,17. AI and the Future of Work,Large Language Models as Virtual Respondents: Investigating the Potential and Limitations of Social Science Applications,"Julia Koltai, HUN-REN Centre for Social Sciences; Márton Rakovics, Eötvös Loránd University; Zsófia Rakovics, HUN-REN Centre for Social Sciences"
4I,19-Jul,2:30 PM - 4:00 PM,Williams Hall G01,17. AI and the Future of Work,Prevalence and prevention of large language model use in crowd work,"Andrew Gordon, University of California, Davis; David Rothschild, Research, Microsoft; Manoel Horta Ribeiro, EPFL - EPF Lausanne; Philip J. Cozzolino, University of Virginia, Charlottesville; Robert West, EPFL - EPF Lausanne; Veniamin Veselovsky, EPFL - EPF Lausanne"
4I,19-Jul,2:30 PM - 4:00 PM,Williams Hall G01,17. AI and the Future of Work,The EPOCH of AI: Human-Machine Complementarities at Work,"Isabella Loaiza, Massachusetts Institute of Technology; Roberto Rigobon, Massachusetts Institute of Technology"
4I,19-Jul,2:30 PM - 4:00 PM,Williams Hall G01,17. AI and the Future of Work,Assigning or recommending you to a team? The Algorithmic Effects on Team Assembly and Performance,"Diego Gomez-Zara, University of Notre Dame; Noshir Contractor, Northwestern University"
4I,19-Jul,2:30 PM - 4:00 PM,Williams Hall G01,17. AI and the Future of Work,Human Capital and Firm’s Innovation Direction,"Xizhao Wang, Northwestern University"
4J,19-Jul,2:30 PM - 4:00 PM,Williams Hall 723,19. AI for Civic Engagement,Dynamics of Cyber-Nationalism: An Empirical Study of the COVID-19 Lockdown,"Han Zhang, Hong Kong University of Science and Technology; Haohan Chen, University of Hong Kong; Xinxin Wang, Yale University"
4J,19-Jul,2:30 PM - 4:00 PM,Williams Hall 723,19. AI for Civic Engagement,Voting on Wikipedia: Do offline ties matter?,"Nicole Schwitter, Universität Mannheim"
4J,19-Jul,2:30 PM - 4:00 PM,Williams Hall 723,19. AI for Civic Engagement,"Election Polls on Social Media: Prevalence, Biases, and Voter Fraud Beliefs","JungHwan Yang, University of Illinois at Urbana-Champaign; Mattia Samory, GESIS-Leibniz Institute for the Social Sciences; Stephen Kenneth Scarano, Department of Computer Science, University of Massachusetts at Amherst; Vijayalakshmi Vasudevan, University of Massachusetts at Amherst; Kai-Cheng Yang, Northeastern University; Przemyslaw A. Grabowicz, College of Information and Computer Science, University of Massachusetts, Amherst"
4J,19-Jul,2:30 PM - 4:00 PM,Williams Hall 723,19. AI for Civic Engagement,Unveiling the Dynamics of Collaborative Governance: The Impact of Facilitative Leadership,"Yixin Dai, Tsinghua University; Zhuoxin LU, Tsinghua University"
4J,19-Jul,2:30 PM - 4:00 PM,Williams Hall 723,19. AI for Civic Engagement,The electoral business cycle of Wikipedia: What elections reveal on partisanship and the supply of information online,"Carolina F.T. Batista, University of Maryland, College Park; Ernesto Calvo, University of Maryland, College Park; Giovanni Luca Ciampaglia, University of Maryland, College Park; Juan Diego Alvarado, University of Maryland, College Park; Rojin Ziaei, University of Maryland, College Park"
4J,19-Jul,2:30 PM - 4:00 PM,Williams Hall 723,19. AI for Civic Engagement,Adaptive Questionnaires for Voting Advice Applications,"Abraham Bernstein, University of Zurich; Cristina Sarasua, Department of Informatics, University of Zurich, University of Zurich; Fynn Bachmann, Department of Informatics, University of Zurich"
5B,20-Jul,9:00 AM - 10:30 AM,Houston: Ben Franklin Room,07. Misinformation and Fact-Checking,Negative emotional language decreases belief in but increases dwell time and shares of (false) claims,"David Rand; Gordon Pennycook, Cornell University; Hause Lin, Massachusetts Institute of Technology; Samantha C Phillips, Carnegie Mellon University; Sze Yuh Nina Wang, Cornell University"
5B,20-Jul,9:00 AM - 10:30 AM,Houston: Ben Franklin Room,07. Misinformation and Fact-Checking,Reducing misinformation sharing at scale using digital accuracy prompt ads,"Adam Berinsky, Massachusetts Institute of Technology; David Rand; Dean Eckles, Massachusetts Institute of Technology; Gordon Pennycook, Cornell University; Hause Lin, Massachusetts Institute of Technology"
5B,20-Jul,9:00 AM - 10:30 AM,Houston: Ben Franklin Room,07. Misinformation and Fact-Checking,Investigating the Heterogeneous Effects of Community-Driven Fact-Checking on Social Media,"Axel Peytavin, Stanford University; Isaac Slaughter, University of Washington; Johan Ugander, Stanford University; Martin Saveski, University of Washington"
5B,20-Jul,9:00 AM - 10:30 AM,Houston: Ben Franklin Room,07. Misinformation and Fact-Checking,Deplatforming Influencers on Social Media Reduces Overall Online Attention Toward Them,"Manoel Horta Ribeiro, EPFL - EPF Lausanne; Robert West, EPFL - EPF Lausanne; Shagun Jhaver, Rutgers University"
5B,20-Jul,9:00 AM - 10:30 AM,Houston: Ben Franklin Room,07. Misinformation and Fact-Checking,Enhancing Crowd-Sourced Fact-Checking Using LLM-Driven Consensus,"Martin Saveski, University of Washington; Soham De, University of Washington; Michiel A. Bakker, DeepMind"
5C,20-Jul,9:00 AM - 10:30 AM,Irvine: Cafe 58,04. Methods & Innovations,Natural Course Scenario Prediction Task for Dynamic Treatment Effects Modeling with R-Transformer,"Nanum Jeon, University of California, Los Angeles"
5C,20-Jul,9:00 AM - 10:30 AM,Irvine: Cafe 58,04. Methods & Innovations,Quantifying the Mass Political Ideology Using Neural Network Architecture,"Adolfo Fuentes-Jofre, Universidad del Desarrollo; Cristian E Candia, Universidad del Desarrollo"
5C,20-Jul,9:00 AM - 10:30 AM,Irvine: Cafe 58,04. Methods & Innovations,Developing Large Language and Vision Models to Study Global Social Protests,"Yongjun Zhang, State University of New York at Stony Brook"
5C,20-Jul,9:00 AM - 10:30 AM,Irvine: Cafe 58,04. Methods & Innovations,Network Diffusion - Framework to Simulate Spreading Processes in Complex Networks,"Damian Serwata, Technical University of Wroclaw; Katarzyna Musial-Gabrys, University of Technology Sydney; Mateusz Nurek, Wroclaw University of Science and Technology; Michał Czuba, Technical University of Wroclaw; Mingshan Jia, University of Technology Sydney; Piotr Bródka, Wrocław University of Science and Technology; Radosław Michalski, Wrocław University of Science and Technology; Yu-Xuan Qiu, University of Technology Sydney"
5C,20-Jul,9:00 AM - 10:30 AM,Irvine: Cafe 58,04. Methods & Innovations,Redundancy in transmission promotes information consensus across independent social networks,"Javier Garcia-Bernardo, Utrecht University"
5C,20-Jul,9:00 AM - 10:30 AM,Irvine: Cafe 58,04. Methods & Innovations,Coordination mechanism in collective intelligence: costs for I's to become We,"Chris Kempes, Santa Fe Institute; Jisung Yoon, KDI School of Public Policy and Management; Seoul Lee, Northwestern University; Vicky Chuqiao Yang, Massachusetts Institute of Technology; Hyejin Youn, Northwestern University"
5C,20-Jul,9:00 AM - 10:30 AM,Irvine: Cafe 58,04. Methods & Innovations,The spatial correlation length of human mobility and its evolution following disasters,"Weiyu Li, Northeastern University"
5D,20-Jul,9:00 AM - 10:30 AM,Irvine: Amado Recital Hall,14. AI in Education,"Perception, performance, and detectability of conversational artificial intelligence across 32 university courses","Balaraju BATTU, New York University, Abu Dhabi; Fengyuan Michael Liu, New York University; Hazem Ibrahim, New York University; Talal Rahwan, New York University; Yasir Zaki, New York University Abu Dhabi"
5D,20-Jul,9:00 AM - 10:30 AM,Irvine: Amado Recital Hall,14. AI in Education,Whose ChatGPT? Unveiling Unintended Educational Inequalities Introduced by Large Language Models,"Renzhe Yu, Teachers College, Columbia University; Sky CH-Wang, Columbia University; Zhen Xu, Columbia University"
5D,20-Jul,9:00 AM - 10:30 AM,Irvine: Amado Recital Hall,14. AI in Education,Contextualizing gender disparities in online teaching evaluations for professors,"Chaoqun Ni, University of Wisconsin, Madison; Xiang Zheng, University of Wisconsin - Madison"
5D,20-Jul,9:00 AM - 10:30 AM,Irvine: Amado Recital Hall,14. AI in Education,Does reading the literature improve the ability to predict the effects of interventions?,"Abdullah Almaatouq, Massachusetts Institute of Technology; Robin Na, Massachusetts Institute of Technology"
5D,20-Jul,9:00 AM - 10:30 AM,Irvine: Amado Recital Hall,14. AI in Education,Predicting Children's Comprehension of Science Concepts from Real-World Educational Videos using Eye Movements and Machine Learning,"Blue Lerner, Ohio State University, Columbus; James Alex Bonus, Ohio State University, Columbus; Jason C. Coronel, Ohio State University, Columbus; Matt Sweitzer, Sandia National Laboratories; Rebecca A. Dore, Ohio State University, Columbus"
5D,20-Jul,9:00 AM - 10:30 AM,Irvine: Amado Recital Hall,14. AI in Education,Patterns of scholarly migration by democratic performance: evidence from bibliometric data,"Ebru Sanliturk, Max-Planck Institute for Demographic Research; Emilio Zagheni, Max Planck Institute for Demographic Research; Tom Theile, Max-Planck-Institute for demographic research"
5E,20-Jul,9:00 AM - 10:30 AM,Houston: Golkin,10. Politics and Media,Finding Hidden Swingers in the 2022 Italian Elections Twitter Discourse,"Alessia Antelmi, University of Turin; Arianna Pera, IT University of Copenhagen; Lucio La Cava, University of Calabria"
5E,20-Jul,9:00 AM - 10:30 AM,Houston: Golkin,10. Politics and Media,Tracking the Takes and Trajectories of News Narratives from Trustworthy and Worrisome Websites,"Emily Ito Okabe, Computer Science Department, Stanford University; Hans William Alexander Hanley, Stanford University; Zakir Durumeric, Stanford University"
5E,20-Jul,9:00 AM - 10:30 AM,Houston: Golkin,10. Politics and Media,Feed Rankings Promoting Political Distrust and Animosity Impact Affective Polarization,"Chenyan Jia, Stanford University; Jeanne L. Tsai; Jeffrey Hancock, Stanford University; Martin Saveski, University of Washington; Michael S. Bernstein, Computer Science Department, Stanford University; Tiziano Piccardi, Stanford University"
5E,20-Jul,9:00 AM - 10:30 AM,Houston: Golkin,10. Politics and Media,"Beyond Local News: Assessing Localized Social Media Use, Community Attachment, and Political Intent in a Multi-National Survey","Marianne Aubin Le Quéré, Cornell University; Sanjay Kairam, Reddit"
5E,20-Jul,9:00 AM - 10:30 AM,Houston: Golkin,10. Politics and Media,Uncovering Anti-Democratic Norm Justifications,"Timothy Dörr, University of Pennsylvania; Yphtach Lelkes, University of Pennsylvania"
5F,20-Jul,9:00 AM - 10:30 AM,Irvine: G7,01. Fairness and bias,"This Land is {Your, My} Land: Evaluating Geopolitical Bias in Language Models through Territorial Disputes","Bryan Li, University of Pennsylvania; Chris Callison-Burch, Allen Institute for Artificial Intelligence; Samar Haider, University of Pennsylvania"
5F,20-Jul,9:00 AM - 10:30 AM,Irvine: G7,01. Fairness and bias,Mitigating Included- and Omitted-Variable Bias in Estimates of Disparate Impact,"Johann Demetrio Gaebler, Harvard University; Ravi Shroff, New York University; Sam Corbett-Davies, Facebook; Sharad Goel, Harvard University"
5F,20-Jul,9:00 AM - 10:30 AM,Irvine: G7,01. Fairness and bias,Careless Whisper: Speech-to-Text Hallucination Harms,"Allison Koenecke, Cornell University; Anna Seo Gyeong Choi, Cornell University; Hilke Schellmann, New York University; Katelyn X. Mei, University of Washington; Mona Sloane, New York University"
5F,20-Jul,9:00 AM - 10:30 AM,Irvine: G7,01. Fairness and bias,"The essence of meaning conforms to a two-dimensional powerful-weak and dangerous-safe framework, with diverse corpora presenting a safety bias","Peter Dodds, Santa Fe Institute"
5F,20-Jul,9:00 AM - 10:30 AM,Irvine: G7,01. Fairness and bias,Assessing Bias and Idiosyncracies in Elite Scientific Peer Review,"Aaron Clauset, University of Colorado at Boulder; Daniel Larremore, University of Colorado at Boulder; Nicholas LaBerge, University of Colorado at Boulder; Sam Zhang, University of Colorado at Boulder"
5F,20-Jul,9:00 AM - 10:30 AM,Irvine: G7,01. Fairness and bias,Mitigating allocative tradeoffs and harms in an environmental justice data tool,"Allison Koenecke, Cornell University; Benjamin Q Huynh, Johns Hopkins University; Daniel E. Ho, Stanford University; David H Rehkopf, Stanford University; Derek Ouyang, Stanford University; Elizabeth T Chin, Johns Hopkins University; Mathew V. Kiang, Stanford University"
5G,20-Jul,9:00 AM - 10:30 AM,Irvine: G16,20. Policy and Urban Planning,The stable nature of city growth,"Andrea Musso, ETHZ - ETH Zurich"
5G,20-Jul,9:00 AM - 10:30 AM,Irvine: G16,20. Policy and Urban Planning,Merging public elementary schools to reduce racial/ethnic segregation,"Madison Landry, Northeastern University; Nabeel Gillani, Northeastern University"
5G,20-Jul,9:00 AM - 10:30 AM,Irvine: G16,20. Policy and Urban Planning,"Long ties, disruptive life events and economic prosperity","Dean Eckles, Massachusetts Institute of Technology; Eaman Jahani, University of Maryland, College Park; Michael Bailey, Facebook; Samuel Fraiberger, World Bank"
5G,20-Jul,9:00 AM - 10:30 AM,Irvine: G16,20. Policy and Urban Planning,Network Approach to Disentangle the Complexity of School and Residential Segregation,"Michael Lees, University of Amsterdam; R. M. Hilman, University of Amsterdam"
5G,20-Jul,9:00 AM - 10:30 AM,Irvine: G16,20. Policy and Urban Planning,Origins of Face-to-face Interaction with Kin in US Cities,"Eduardo LÃ³pez, George Mason University; Jericho McLeod, George Mason University; Unchitta Kan, George Mason University"
5H,20-Jul,9:00 AM - 10:30 AM,Irvine: Green Room,04. Methods & Innovations,AnthroScore: A Computational Linguistic Measure of Anthropomorphism,"Dan Jurafsky, Stanford University; Kristina Gligoric, Stanford University; Myra Cheng, Stanford University; Tiziano Piccardi, Stanford University"
5H,20-Jul,9:00 AM - 10:30 AM,Irvine: Green Room,04. Methods & Innovations,A public data set for processing and analyzing police body-worn camera footage,"Jamie Rosas-Smith, Johns Hopkins University; Anjalie Field, Johns Hopkins University"
5H,20-Jul,9:00 AM - 10:30 AM,Irvine: Green Room,04. Methods & Innovations,Wallets' Explorations Across Non-Fungible Token Collections,"Hyunuk Kim, Elon University; Seonbin Jo, Pohang University of Science and Technology; Woo-Sung Jung, Pohang University of Science and Technology"
5H,20-Jul,9:00 AM - 10:30 AM,Irvine: Green Room,04. Methods & Innovations,Depth versus Breadth in the Hierarchical Recombination of Technology,"James Evans, University of Chicago; Likun Cao, University of Chicago"
5H,20-Jul,9:00 AM - 10:30 AM,Irvine: Green Room,04. Methods & Innovations,The Heterogeneous Effects of Peer Punishment Across Cooperative Settings,"Abdullah Almaatouq, Massachusetts Institute of Technology; David Rand; Duncan J. Watts, University of Pennsylvania, University of Pennsylvania; Mohammed Alsobay, Massachusetts Institute of Technology"
5H,20-Jul,9:00 AM - 10:30 AM,Irvine: Green Room,04. Methods & Innovations,Evaluating Performance in Human-AI Systems,"Abdullah Almaatouq, Massachusetts Institute of Technology; Michelle Vaccaro, Massachusetts Institute of Technology; Thomas Malone, Massachusetts Institute of Technology"
5H,20-Jul,9:00 AM - 10:30 AM,Irvine: Green Room,04. Methods & Innovations,Popularity vs. performance: Dynamics of Social Mirroring in a Trading Platform,"Alex Pentland, Massachusetts Institute of Technology; Bijin Joseph, Northeastern University; Esteban Moro, Northeastern University"
5K,20-Jul,9:00 AM - 10:30 AM,Houston: Hall of Flags,02. Algorithmics & Public Opinion,Search politicians online: Concentration and localization of Google search results,"Allison Wan, Northeastern University; David Lazer, Northeastern University; Zhen Guo, Northeastern University; Kai-Cheng Yang, Northeastern University"
5K,20-Jul,9:00 AM - 10:30 AM,Houston: Hall of Flags,02. Algorithmics & Public Opinion,On the Relationship Between Relevance and Conflict in Online Social Link Recommendations,"Jon Kleinberg, Cornell University; Yanbang Wang, Department of Computer Science, Cornell University"
5K,20-Jul,9:00 AM - 10:30 AM,Houston: Hall of Flags,02. Algorithmics & Public Opinion,Attraction to Extreme Partisans on Social Media,"Amit Goldenberg, Harvard University; Federico Zimmerman, Harvard Business School"
5K,20-Jul,9:00 AM - 10:30 AM,Houston: Hall of Flags,02. Algorithmics & Public Opinion,Measuring and Evaluating the Localness of Google Search Results in the Context of the 2022 US Midterm Elections,"Brooke Perreault, Wellesley College; Eni Mustafaraj, Wellesley College"
5K,20-Jul,9:00 AM - 10:30 AM,Houston: Hall of Flags,02. Algorithmics & Public Opinion,Stranger Danger! Interactions with Fringe Users Increase the Growth of Fringe Communities on Reddit,"Giuseppe Russo, Swiss Federal Institute of Technology; Manoel Horta Ribeiro, EPFL - EPF Lausanne; Robert West, EPFL - EPF Lausanne"
5K,20-Jul,9:00 AM - 10:30 AM,Houston: Hall of Flags,02. Algorithmics & Public Opinion,Building a Trustworthy Social Media News Feed,"Alessandro Flammini, Indiana University at Bloomington; Brendan J. Nyhan, Dartmouth College; Filippo Menczer, Indiana University; Giovanni Luca Ciampaglia, University of Maryland, College Park; Olivier Bergeron-Boutin; Saumya Bhadani, University of Maryland, College Park"